INSERT INTO authorities(id, name) VALUES (1, '*');
INSERT INTO roles(id, name)VALUES (1, 'ADMIN'),(2, 'USER'),(3, 'VIEWER');
INSERT INTO roles_has_authorities(id_role, id_authority) VALUES (1, 1), (2,1);
INSERT INTO cards(id, is_recap, size, type) VALUES (1, 1, 'TINY', 'APPOINTMENT'), (2, 1, 'TINY', 'MEETING'), (3, 0, 'GIANT', 'APPOINTMENT'), (4, 0, 'GIANT', 'MEETING');
INSERT INTO users(id, created_at, updated_at, email, first_name, last_name, password, username, id_role) VALUE (1, null, null, 'admin.myplanning@gmail.com', 'Administrateur', 'myPlanning', '$2a$10$vffSrvmJqAGoqrGj9M2E1eaAA6yrZVPe1T0VZ2JtpSD5WpLD3zLMm', 'Admin', 1);
INSERT INTO users(id, created_at, updated_at, email, first_name, last_name, password, username, id_role) VALUE (2, null, null, 'amaury.lapaque@gmail.com', 'Amaury', 'Lapaque', '$2a$10$vffSrvmJqAGoqrGj9M2E1eaAA6yrZVPe1T0VZ2JtpSD5WpLD3zLMm', 'amaury.lapaque', 1);
INSERT INTO users(id, created_at, updated_at, email, first_name, last_name, password, username, id_role) VALUE (3, null, null, 'test@gmail.com', 'test', 'test', '$2a$10$q3UHr6qnEN1ZWuU39CoqM.ItCA.O7hlvWY8GOlNheXKdRgoenPKFe', 'test', 2);
INSERT INTO teams(id, name) VALUES (1, 'Test1'), (2, 'Test2'), (3, 'Test3');
INSERT INTO users_has_teams(id_user, id_team) VALUES (2,1), (2,2), (2,3), (3,1), (3,2);
INSERT INTO agendas (id, by_default, color, name, id_team, id_user) VALUES (NULL, true, '#c151a9', 'APP.AGENDA.DEFAULT_NAME', NULL, 1);
INSERT INTO agendas (id, by_default, color, name, id_team, id_user) VALUES (NULL, true, '#c151a9', 'APP.AGENDA.DEFAULT_NAME', NULL, 2);
INSERT INTO agendas (id, by_default, color, name, id_team, id_user) VALUES (NULL, true, '#c151a9', 'APP.AGENDA.DEFAULT_NAME', NULL, 3);
INSERT INTO agendas (id, by_default, color, name, id_team, id_user) VALUES (NULL, false, '#b151d9', 'Test1', 1, NULL);
INSERT INTO agendas (id, by_default, color, name, id_team, id_user) VALUES (NULL, false, '#b151d9', 'Test2', 2, NULL);
INSERT INTO agendas (id, by_default, color, name, id_team, id_user) VALUES (NULL, false, '#b151d9', 'Test3', 3, NULL);
INSERT INTO teams_or_users_shared_agendas (id_agenda, id_user, id_team) VALUES (1, 2, 1), (1, 3, 1);
INSERT INTO events(id, name, created_at, updated_at, start_date, event_type, is_a_day_off, is_private, meeting_url, report, end_date, status_displayed, id_agenda) VALUE (1, 'test', null, null, '2021-09-15 17:00:00.000000', 'APPOINTMENT', 0, 0, null, null, '2021-09-15 19:00:00.000000', 'BUSY', 1);
INSERT INTO events(id, name, created_at, updated_at, start_date, event_type, is_a_day_off, is_private, meeting_url, report, end_date, status_displayed, id_agenda) VALUE (2, 'test 2', null, null, '2021-09-15 06:00:00.000000', 'APPOINTMENT', 0, 0, null, null, '2021-09-15 07:00:00.000000', 'BUSY', 1);
INSERT INTO events(id, name, created_at, updated_at, start_date, event_type, is_a_day_off, is_private, meeting_url, report, end_date, status_displayed, id_agenda) VALUE (3, 'test 3', null, null, '2021-09-15 09:00:00.000000', 'APPOINTMENT', 0, 0, null, null, '2021-09-16 10:00:00.000000', 'BUSY', 1);
INSERT INTO events(id, name, created_at, updated_at, start_date, event_type, is_a_day_off, is_private, meeting_url, report, end_date, status_displayed, id_agenda) VALUE (4, 'test 4', null, null, '2021-09-18 13:00:00.000000', 'APPOINTMENT', 0, 0, null, null, '2021-09-21 15:00:00.000000', 'BUSY', 1);
INSERT INTO events(id, name, created_at, updated_at, start_date, event_type, is_a_day_off, is_private, meeting_url, report, end_date, status_displayed, id_agenda) VALUE (5, 'Réunions drink avec la boite', null, null, '2021-09-16 15:00:00.000000', 'APPOINTMENT', 0, 0, null, null, '2021-08-26 16:00:00.000000', 'BUSY', 1);
INSERT INTO events(id, name, created_at, updated_at, start_date, event_type, is_a_day_off, is_private, meeting_url, report, end_date, status_displayed, id_agenda) VALUE (6, 'test 6', null, null, '2021-09-14 14:00:00.000000', 'APPOINTMENT', 0, 0, null, null, '2021-09-14 15:00:00.000000', 'BUSY', 1);
INSERT INTO events(id, name, created_at, updated_at, start_date, event_type, is_a_day_off, is_private, meeting_url, report, end_date, status_displayed, id_agenda) VALUE (7, 'test 7', null, null, '2021-09-14 06:00:00.000000', 'APPOINTMENT', 0, 0, null, null, '2021-08-14 10:00:00.000000', 'BUSY', 1);
INSERT INTO users_has_cards(id_user, id_card) VALUES (1, 1), (1, 2), (1, 3), (1, 4);
INSERT INTO users_has_cards(id_user, id_card) VALUES (2, 1), (2, 2), (2, 3), (2, 4);
INSERT INTO users_has_cards(id_user, id_card) VALUES (3, 1), (3, 2), (3, 3), (3, 4);